<project
 xmlns="http://maven.apache.org/DECORATION/1.6.0"
 xmlns:xsi="http://www.w3.org/2001/XMLSchema-instance"
 xsi:schemaLocation=
 "http://maven.apache.org/DECORATION/1.6.0
  http://maven.apache.org/xsd/decoration-1.6.0.xsd"
 name="PostgreSQL PL/Java">
	<bannerLeft>
		<name>PL/Java - Stored procedures for PostgreSQL in Java</name>
		<src>images/pljava_logo.jpg</src>
		<alt>PL/Java logo combining the PostgreSQL elephant and a Java bean</alt>
		<href>${project.url}</href>
	</bannerLeft>
	<body>
		<links>
			<item name='Wiki' href='https://github.com/tada/pljava/wiki/'/>
			<item name='Issues' href='${project.issueManagement.url}'/>
			<item name='Mailing list'
			 href='http://lists.pgfoundry.org/pipermail/pljava-dev/'/>
			<item name='Code' href='${project.scm.url}'/>
		</links>
		<menu name='Usage' inherit='top'>
			<item name='Building PL/Java'
			 href='build/build.html'/>
			<item name='Installing into PostgreSQL'
			 href='install/install.html'/>
			<item name='Upgrading'
			 href='install/upgrade.html'/>
			<item name='Packaging PL/Java'
			 href='build/package.html'/>
			<item name='User guide'
			 href='use/use.html'/>
			<item name='Developer notes'
			 href='develop/develop.html'/>
		</menu>
		<menu name='Release Information' inherit='top'>
			<item name='Release notes'
			 href='releasenotes.html'/>
		</menu>
		<menu ref='modules'/>
		<menu ref='reports' inherit='top'/>
	</body>
</project>
